<?xml version="1.0"?>
<groundnet>
   <version>1</version>
  <frequencies>
    <TOWER>12250</TOWER>
    <APPROACH>12250</APPROACH>
  </frequencies>
  <parkingList>
    <Parking index="0"
             type="gate"
             name="H1"
             number=""
             lat="N52 48.941"
             lon="W04 7.479"
             heading="0"
             radius="17.3"
             airlineCodes="" />

    <Parking index="1"
             type="gate"
             name="H2"
             number=""
             lat="N52 48.941"
             lon="W04 7.434"
             heading="0"
             radius="17.3"
             airlineCodes="" />

    <Parking index="2"
             type="gate"
             name="H3"
             number=""
             lat="N52 48.941"
             lon="W04 7.389"
             heading="357.48"
             radius="17.3"
             airlineCodes="" />

    <Parking index="3"
             type="gate"
             name="Slot1"
             number=""
             lat="N52 49.034"
             lon="W04 7.448"
             heading="181.21"
             radius="17.3"
             airlineCodes="" />

    <Parking index="4"
             type="gate"
             name="Slot2"
             number=""
             lat="N52 49.035"
             lon="W04 7.425"
             heading="182.61"
             radius="17.3"
             airlineCodes="" />

    <Parking index="5"
             type="gate"
             name="Slot3"
             number=""
             lat="N52 49.034"
             lon="W04 7.403"
             heading="177.69"
             radius="17.3"
             airlineCodes="" />

    <Parking index="6"
             type="gate"
             name="Slot4"
             number=""
             lat="N52 48.999"
             lon="W04 7.561"
             heading="1.14"
             radius="17.3"
             airlineCodes="" />

    <Parking index="7"
             type="gate"
             name="Slot5"
             number=""
             lat="N52 48.998"
             lon="W04 7.541"
             heading="1.47"
             radius="17.3"
             airlineCodes="" />

    <Parking index="8"
             type="gate"
             name="Slot6"
             number=""
             lat="N52 48.998"
             lon="W04 7.520"
             heading="0.95"
             radius="17.3"
             airlineCodes="" />

    <Parking index="9"
             type="gate"
             name="Slot7"
             number=""
             lat="N52 48.997"
             lon="W04 7.450"
             heading="0"
             radius="17.3"
             airlineCodes="" />

    <Parking index="10"
             type="gate"
             name="Slot8"
             number=""
             lat="N52 48.997"
             lon="W04 7.425"
             heading="0.04"
             radius="17.3"
             airlineCodes="" />

    <Parking index="11"
             type="gate"
             name="Slot9"
             number=""
             lat="N52 48.997"
             lon="W04 7.402"
             heading="0"
             radius="17.3"
             airlineCodes="" />

    <Parking index="12"
             type="gate"
             name="Hangar1N"
             number=""
             lat="N52 49.080"
             lon="W04 7.503"
             heading="358.39"
             radius="17.3"
             airlineCodes="" />

    <Parking index="13"
             type="gate"
             name="Hangar1S"
             number=""
             lat="N52 49.059"
             lon="W04 7.503"
             heading="181.22"
             radius="17.3"
             airlineCodes="" />

    <Parking index="14"
             type="gate"
             name="Hangar2S"
             number=""
             lat="N52 49.058"
             lon="W04 7.560"
             heading="183.81"
             radius="17.3"
             airlineCodes="" />

    <Parking index="15"
             type="gate"
             name="Hangar2N"
             number=""
             lat="N52 49.079"
             lon="W04 7.560"
             heading="360"
             radius="17.3"
             airlineCodes="" />

    <Parking index="16"
             type="gate"
             name="Jet1"
             number=""
             lat="N52 49.153"
             lon="W04 7.413"
             heading="190.3"
             radius="17.3"
             airlineCodes="" />

    <Parking index="17"
             type="gate"
             name="Jet3"
             number=""
             lat="N52 49.149"
             lon="W04 7.378"
             heading="189.45"
             radius="17.3"
             airlineCodes="" />

    <Parking index="18"
             type="gate"
             name="Jet2"
             number=""
             lat="N52 49.157"
             lon="W04 7.446"
             heading="191"
             radius="17.3"
             airlineCodes="" />

    <Parking index="19"
             type="gate"
             name="Heavyinhangar"
             number=""
             lat="N52 49.017"
             lon="W04 7.347"
             heading="267.14"
             radius="17.3"
             airlineCodes="" />

  </parkingList>
  <TaxiNodes>
    <node index="20" lat="N52 49.072" lon="W04 7.445" isOnRunway="0" holdPointType="none" />
  </TaxiNodes>
  <TaxiWaySegments>
    <arc begin="0" end="20" isPushBackRoute="0" name="" />
    <arc begin="20" end="0" isPushBackRoute="0" name="" />
    <arc begin="1" end="20" isPushBackRoute="0" name="" />
    <arc begin="20" end="1" isPushBackRoute="0" name="" />
    <arc begin="2" end="20" isPushBackRoute="0" name="" />
    <arc begin="20" end="2" isPushBackRoute="0" name="" />
    <arc begin="3" end="20" isPushBackRoute="0" name="" />
    <arc begin="20" end="3" isPushBackRoute="0" name="" />
    <arc begin="4" end="20" isPushBackRoute="0" name="" />
    <arc begin="20" end="4" isPushBackRoute="0" name="" />
    <arc begin="5" end="20" isPushBackRoute="0" name="" />
    <arc begin="20" end="5" isPushBackRoute="0" name="" />
    <arc begin="6" end="20" isPushBackRoute="0" name="" />
    <arc begin="20" end="6" isPushBackRoute="0" name="" />
    <arc begin="7" end="20" isPushBackRoute="0" name="" />
    <arc begin="20" end="7" isPushBackRoute="0" name="" />
    <arc begin="8" end="20" isPushBackRoute="0" name="" />
    <arc begin="20" end="8" isPushBackRoute="0" name="" />
    <arc begin="9" end="20" isPushBackRoute="0" name="" />
    <arc begin="20" end="9" isPushBackRoute="0" name="" />
    <arc begin="10" end="20" isPushBackRoute="0" name="" />
    <arc begin="20" end="10" isPushBackRoute="0" name="" />
    <arc begin="11" end="20" isPushBackRoute="0" name="" />
    <arc begin="20" end="11" isPushBackRoute="0" name="" />
    <arc begin="12" end="20" isPushBackRoute="0" name="" />
    <arc begin="20" end="12" isPushBackRoute="0" name="" />
    <arc begin="13" end="20" isPushBackRoute="0" name="" />
    <arc begin="20" end="13" isPushBackRoute="0" name="" />
    <arc begin="14" end="20" isPushBackRoute="0" name="" />
    <arc begin="20" end="14" isPushBackRoute="0" name="" />
    <arc begin="15" end="20" isPushBackRoute="0" name="" />
    <arc begin="20" end="15" isPushBackRoute="0" name="" />
    <arc begin="16" end="20" isPushBackRoute="0" name="" />
    <arc begin="20" end="16" isPushBackRoute="0" name="" />
    <arc begin="17" end="20" isPushBackRoute="0" name="" />
    <arc begin="20" end="17" isPushBackRoute="0" name="" />
    <arc begin="18" end="20" isPushBackRoute="0" name="" />
    <arc begin="20" end="18" isPushBackRoute="0" name="" />
    <arc begin="19" end="20" isPushBackRoute="0" name="" />
    <arc begin="20" end="19" isPushBackRoute="0" name="" />
  </TaxiWaySegments>
</groundnet>
