<?xml version="1.0"?>
<PropertyList>
  <runway>
    <ils>
      <lon>-4.129670</lon>
      <lat>52.812898</lat>
      <rwy>17</rwy>
      <hdg-deg>169.7</hdg-deg>
      <elev-ft>19</elev-ft>
      <freq-mhz>117.00</freq-mhz>
      <nav-id>LDAS</nav-id>
    </ils>
  </runway>
  <runway>
    <ils>
      <lon>-4.125247</lon>
      <lat>52.798191</lat>
      <rwy>35</rwy>
      <hdg-deg>349.7</hdg-deg>
      <elev-ft>19</elev-ft>
      <freq-mhz>135.00</freq-mhz>
      <nav-id>LDAN</nav-id>
    </ils>
  </runway>
</PropertyList>
