<?xml version="1.0"?>
<PropertyList>

 <path>gantry-r.ac</path>
 
  <animation>
  <type>range</type>
  <min-m>0</min-m>
  <max-m>7500</max-m>
 </animation>
 
  <effect>
   <inherits-from>Effects/model-transparent</inherits-from>
   <condition>
    <property>/sim/rendering/rembrandt/enabled</property>
   </condition>
   <object-name>acollbloom</object-name>
  </effect>
 
   <animation>
    	<type>light</type>
		<light-type>spot</light-type>
		<object-name>volume.1</object-name>
		<nopreview/>
		<direction><x>-0.9</x><y>0</y><z>-0.5</z></direction>
		<position><x>-0.777</x><y>0</y><z>14.55</z></position>
		<ambient><r>0.8</r><g>0.8</g><b>0.7</b><a>1</a></ambient>
		<diffuse><r>0.85</r><g>0.95</g><b>0.7</b><a>1</a></diffuse>
		<specular><r>0.95</r><g>0.95</g><b>0.85</b><a>1</a></specular>
		<attenuation><c>0.5</c><l>0.07</l><q>0</q></attenuation>
		<exponent>20.0</exponent>
		<cutoff>250</cutoff>
		<near-m>0.1</near-m>
		<far-m>200</far-m>
		<dim-factor>
        <expression>
        <product>
          <value>-1</value>
          <sum>
            <product>
              <max>
                <pow>
                  <cos><property>/sim/time/sun-angle-rad</property></cos>
                  <value>0.3</value>
                </pow>
                <value>0</value>
              </max>
              <value>1.0</value>
            </product>
            <value>-1</value>
          </sum>
        </product>
      </expression>
    </dim-factor>
 </animation>

   <animation>
    	<type>light</type>
		<light-type>spot</light-type>
		<object-name>volume.2</object-name>
		<nopreview/>
		<direction><x>-0.9</x><y>0.5</y><z>-0.5</z></direction>
		<position><x>-0.777</x><y>0</y><z>14.55</z></position>
		<ambient><r>0.8</r><g>0.8</g><b>0.7</b><a>1</a></ambient>
		<diffuse><r>0.85</r><g>0.95</g><b>0.7</b><a>1</a></diffuse>
		<specular><r>0.95</r><g>0.95</g><b>0.85</b><a>1</a></specular>
		<attenuation><c>0.5</c><l>0.07</l><q>0</q></attenuation>
		<exponent>20.0</exponent>
		<cutoff>250</cutoff>
		<near-m>0.1</near-m>
		<far-m>200</far-m>
		<dim-factor>
        <expression>
        <product>
          <value>-1</value>
          <sum>
            <product>
              <max>
                <pow>
                  <cos><property>/sim/time/sun-angle-rad</property></cos>
                  <value>0.3</value>
                </pow>
                <value>0</value>
              </max>
              <value>1.0</value>
            </product>
            <value>-1</value>
          </sum>
        </product>
      </expression>
    </dim-factor>
 </animation>
 
   <animation>
    	<type>light</type>
		<light-type>spot</light-type>
		<object-name>volume.3</object-name>
		<nopreview/>
		<direction><x>-0.9</x><y>-0.5</y><z>-0.5</z></direction>
		<position><x>-0.777</x><y>0</y><z>14.55</z></position>
		<ambient><r>0.8</r><g>0.8</g><b>0.7</b><a>1</a></ambient>
		<diffuse><r>0.85</r><g>0.95</g><b>0.7</b><a>1</a></diffuse>
		<specular><r>0.95</r><g>0.95</g><b>0.85</b><a>1</a></specular>
		<attenuation><c>0.5</c><l>0.07</l><q>0</q></attenuation>
		<exponent>20.0</exponent>
		<cutoff>250</cutoff>
		<near-m>0.1</near-m>
		<far-m>200</far-m>
		<dim-factor>
        <expression>
        <product>
          <value>-1</value>
          <sum>
            <product>
              <max>
                <pow>
                  <cos><property>/sim/time/sun-angle-rad</property></cos>
                  <value>0.3</value>
                </pow>
                <value>0</value>
              </max>
              <value>1.0</value>
            </product>
            <value>-1</value>
          </sum>
        </product>
      </expression>
    </dim-factor>
 </animation>
 
    <animation>
    	<type>light</type>
		<light-type>spot</light-type>
		<object-name>volume.4</object-name>
		<nopreview/>
		<direction><x>-0.9</x><y>1</y><z>-0.5</z></direction>
		<position><x>-0.777</x><y>0</y><z>14.55</z></position>
		<ambient><r>0.8</r><g>0.8</g><b>0.7</b><a>1</a></ambient>
		<diffuse><r>0.85</r><g>0.95</g><b>0.7</b><a>1</a></diffuse>
		<specular><r>0.95</r><g>0.95</g><b>0.85</b><a>1</a></specular>
		<attenuation><c>0.5</c><l>0.07</l><q>0</q></attenuation>
		<exponent>20.0</exponent>
		<cutoff>250</cutoff>
		<near-m>0.1</near-m>
		<far-m>200</far-m>
		<dim-factor>
        <expression>
        <product>
          <value>-1</value>
          <sum>
            <product>
              <max>
                <pow>
                  <cos><property>/sim/time/sun-angle-rad</property></cos>
                  <value>0.3</value>
                </pow>
                <value>0</value>
              </max>
              <value>1.0</value>
            </product>
            <value>-1</value>
          </sum>
        </product>
      </expression>
    </dim-factor>
 </animation>
 
   <animation>
    	<type>light</type>
		<light-type>spot</light-type>
		<object-name>volume.5</object-name>
		<nopreview/>
		<direction><x>-0.9</x><y>-1</y><z>-0.5</z></direction>
		<position><x>-0.777</x><y>0</y><z>14.55</z></position>
		<ambient><r>0.8</r><g>0.8</g><b>0.7</b><a>1</a></ambient>
		<diffuse><r>0.85</r><g>0.95</g><b>0.7</b><a>1</a></diffuse>
		<specular><r>0.95</r><g>0.95</g><b>0.85</b><a>1</a></specular>
		<attenuation><c>0.5</c><l>0.07</l><q>0</q></attenuation>
		<exponent>20.0</exponent>
		<cutoff>250</cutoff>
		<near-m>0.1</near-m>
		<far-m>200</far-m>
		<dim-factor>
        <expression>
        <product>
          <value>-1</value>
          <sum>
            <product>
              <max>
                <pow>
                  <cos><property>/sim/time/sun-angle-rad</property></cos>
                  <value>0.15</value>
                </pow>
                <value>0</value>
              </max>
              <value>1.0</value>
            </product>
            <value>-1</value>
          </sum>
        </product>
      </expression>
	  <offset>0.4</offset>
    </dim-factor>
 </animation>
 
 <animation>
  <type>dist-scale</type>
  <object-name>acollbloom</object-name>
  <interpolation>
   <entry>
    <ind>0</ind>
    <dep>1</dep>
   </entry>
   <entry>
    <ind>150</ind>
    <dep>1</dep>
   </entry>
      <entry>
    <ind>500</ind>
    <dep>2</dep>
   </entry>
   <entry>
    <ind>1500</ind>
    <dep>4.5</dep>
   </entry>
  </interpolation>
  <center>
   <x-m>0.3258</x-m>
   <y-m>-1.4</y-m>
   <z-m>15.3416</z-m>
  </center>
 </animation>

 <animation>
   <type>material</type>
   <object-name>anticoll.on</object-name>
   <object-name>acollbloom</object-name>
   <emission>
    <red>1</red>
    <green>1</green>
    <blue>1</blue>
   </emission>
  </animation>
  
 <animation>
   <type>material</type>
   <object-name>lenses.on</object-name>
   <emission>
    <red>0.85</red>
    <green>0.95</green>
    <blue>0.5</blue>
   </emission>
  </animation>
  
 
 <animation>
  <type>blend</type>
  <object-name>acollbloom</object-name>
      <expression>
        <product>
          <value>-1</value>
          <sum>
            <product>
              <max>
                <pow>
                  <cos><property>/sim/time/sun-angle-rad</property></cos>
                  <value>-0.3</value>
                </pow>
                <value>-1.0</value>
              </max>
              <value>-1.0</value>
            </product>
            <value>-1</value>
          </sum>
        </product>
      </expression>
 </animation>
 
  
  <animation>
   <type>select</type>
   <object-name>volume.1</object-name>
   <object-name>volume.2</object-name>
   <object-name>volume.3</object-name>
   <object-name>volume.4</object-name>
   <object-name>volume.5</object-name>
    <condition>
      <and>
        <property>/sim/rendering/rembrandt/enabled</property>
        <greater-than>
          <property>/sim/rendering/shaders/lights</property>
          <value>0</value>
        </greater-than>
		<property>/scenery/EGOD/lighting/power</property>
		<property>/scenery/EGOD/lighting/shelter-lights</property>
      </and>
    </condition>
  </animation>
 
  <animation>
   <type>select</type>
   <object-name>anticoll.on</object-name>
   <object-name>acollbloom</object-name>
   <condition>
    <property>/scenery/EGOD/lighting/power</property>
   </condition>
  </animation>
  
  <animation>
   <type>select</type>
   <object-name>lenses.on</object-name>
   <condition>
    <property>/scenery/EGOD/lighting/power</property>
    <property>/scenery/EGOD/lighting/shelter-lights</property>
   </condition>
  </animation>
  
  <animation>
   <type>select</type>
   <object-name>anticoll.off</object-name>
   <object-name>lenses.off</object-name>
   <condition>
	<or>
	 <not>
	  <property>/scenery/EGOD/lighting/shelter-lights/property>
	 </not>
	 <not>
	  <property>/scenery/EGOD/lighting/power</property>
	 </not>
	 <and>
	  <not><property>/scenery/EGOD/lighting/shelter-lights</property></not>
	  <not><property>/scenery/EGOD/lighting/power</property></not>
	 </and>
	</or>
   </condition>
  </animation>
 
</PropertyList>