
<PropertyList>

 <path>egodshelter201.ac</path>
 
 <nasal>
  <load>
   if (!contains(globals, "scenery")) globals["scenery"] = {};
   if (!contains(scenery, "shelter201")) scenery["shelter201"] = {};
   if (!contains(scenery.shelter201, "shelter")) scenery.shelter201["shelter"] = {};
   if (contains(scenery, "sharedDoor")) {
     scenery.shelter201.shelter[1] =
       { door :
         [scenery.sharedDoor.new("/scenery/shelter201/shelter[1]/door[0]", 5),
          scenery.sharedDoor.new("/scenery/shelter201/shelter[1]/door[1]", 5)
         ]
       };
   } else {
     scenery.shelter201.shelter[1] =
       { door :
         [aircraft.door.new("/scenery/shelter201/shelter[1]/door[0]", 5),
          aircraft.door.new("/scenery/shelter201/shelter[1]/door[1]", 5)
         ]
       };
   }
  </load>
  <unload>
   if (contains(scenery, "sharedDoor")) {
     scenery.shelter201.shelter[1].door[0].destroy();
     scenery.shelter201.shelter[1].door[1].destroy();
   }
  </unload>
 </nasal>
 
 <!-- DOORS -->

<animation>
 <type>pick</type>
 <object-name>sheterdoor201</object-name>
 <object-name>sheterdoorf201</object-name>
 <visible>true</visible>
 <action>
  <name>click</name>
  <button>0</button>
  <repeatable>false</repeatable>
  <binding>
   <command>nasal</command>
   <script>scenery.shelter201.shelter[1].door[0].toggle();</script>
  </binding>
 </action>
</animation>

<animation>
 <type>pick</type>
 <object-name>sheterdoor202</object-name>
 <object-name>sheterdoorf202</object-name>
 <visible>true</visible>
 <action>
  <name>click</name>
  <button>0</button>
  <repeatable>false</repeatable>
  <binding>
   <command>nasal</command>
   <script>scenery.shelter201.shelter[1].door[1].toggle();</script>
  </binding>
 </action>
</animation>


 <animation>
  <type>translate</type>
  <object-name>sheterdoor201</object-name>
  <property>/scenery/shelter201/shelter[1]/door[0]/position-norm</property>
  <factor>14</factor>
    <axis>
      <x>0</x>
      <y>0</y>
      <z>-1</z>
    </axis>
  </animation>
 
 <animation>
  <type>translate</type>
  <object-name>sheterdoor202</object-name>
  <property>/scenery/shelter201/shelter[1]/door[1]/position-norm</property>
  <factor>14</factor>
    <axis>
      <x>0</x>
      <y>0</y>
      <z>-1</z>
    </axis>
  </animation>
  
 
  <!--  enable-hot  -->
 <animation>
    <object-name>shelter201</object-name>
	<enable-hot type="bool">false</enable-hot>
  </animation> 
  
  <!-- RANGE -->
 <animation>
    <type>range</type>
    <min-m>0</min-m>
    <max-property>sim/rendering/static-lod/bare</max-property>
 </animation>

</PropertyList>
