<?xml version="1.0"?>

<PropertyList>

	<path>locomotive-A4.ac</path>

	<!--<model>
		<path>Models/Transport/tender-A4.xml</path>
		<offsets>
			<x-m>10.5609</x-m>
			<y-m>0</y-m>
			<z-m>0</z-m>
		</offsets>
	</model>-->

	<animation>
		<object>locomotive</object>
		<type>range</type>
		<min-m>0</min-m>
		<max-m>10000</max-m>
	</animation>

	<offsets>
		<x-m>0</x-m>
		<y-m>0</y-m>
		<z-m>0</z-m>
	</offsets>

	<animation>
		<enable-hot type="bool">false</enable-hot>
	</animation>


	



</PropertyList>
