<?xml version="1.0"?>

<PropertyList>

 <path>SmallStation.ac</path>
 <animation>
  <type>range</type>
  <min-m>0</min-m>
  <max-m>20000</max-m>
 </animation>

 <animation>
  <type>select</type>
  <object-name>Bridge</object-name>
  <object-name>Fence2</object-name>
  <object-name>Platform2</object-name>
  <object-name>Ramp2</object-name>
  <object-name>ShelterFrame2</object-name>
  <object-name>ShelterRoofEnds2</object-name>
  <object-name>ShelterWindows2</object-name>
  <object-name>WarningLine2</object-name>
  <condition>
   <greater-than>
    <value>0</value>
    <value>1</value>
   </greater-than>
  </condition>
 </animation>

</PropertyList>
